date,action,ticker,shares,price,trade_value,reason,realized_pnl,holding_days
2021-06-15,BUY,NVDA,198,17.7449,3513.49,signal=trend_20,,0.0
2021-06-15,BUY,ASML,5,671.0914,3355.46,signal=trend_20,,0.0
2021-06-15,BUY,META,10,334.4621,3344.62,signal=trend_50,,0.0
2021-06-15,BUY,ORCL,46,76.3789,3513.43,signal=trend_50,,0.0
2021-06-15,BUY,GOOGL,29,120.4727,3493.71,signal=trend_50,,0.0
2021-06-22,SELL,ASML,5,654.5094,3272.55,rebalance,-82.91,
2021-06-22,SELL,ORCL,46,73.4626,3379.28,rebalance,-134.15,
2021-06-22,BUY,CRWD,14,256.8666,3596.13,signal=trend_20,,0.0
2021-06-22,BUY,AAPL,27,130.7278,3529.65,signal=trend_20,,0.0
2021-06-29,SELL,AAPL,27,132.755,3584.38,rebalance,54.73,
2021-06-29,BUY,ASML,5,672.9083,3364.54,signal=mom20_pos,,0.0
2021-07-07,SELL,META,10,347.4132,3474.13,rebalance,129.51,
2021-07-07,SELL,GOOGL,29,125.237,3631.87,rebalance,138.16,
2021-07-07,SELL,ASML,5,658.68,3293.4,rebalance,-71.14,
2021-07-07,BUY,AAPL,25,141.0608,3526.52,signal=trend_20,,0.0
2021-07-07,BUY,AMD,38,90.6305,3443.96,signal=trend_20,,0.0
2021-07-07,BUY,AMZN,19,185.0138,3515.26,signal=trend_20,,0.0
2021-07-14,SELL,AMZN,19,183.8999,3494.1,rebalance,-21.16,
2021-07-14,BUY,ASML,5,685.1774,3425.89,signal=mom20_pos,,0.0
2021-07-21,SELL,NVDA,198,19.3238,3826.11,rebalance,312.62,
2021-07-21,SELL,CRWD,14,253.2965,3546.15,rebalance,-49.98,
2021-07-21,SELL,AMD,38,89.3206,3394.18,rebalance,-49.78,
2021-07-21,BUY,GS,11,331.2189,3643.41,signal=dip_5,,0.0
2021-07-21,BUY,COIN,15,231.1009,3466.51,signal=dip_5,,0.0
2021-07-21,BUY,META,10,343.8777,3438.78,signal=trend_50,,0.0
2021-07-28,SELL,AAPL,25,141.1782,3529.45,rebalance,2.94,
2021-07-28,SELL,GS,11,331.2032,3643.24,rebalance,-0.17,
2021-07-28,SELL,COIN,15,241.5083,3622.62,rebalance,156.11,
2021-07-28,BUY,GOOGL,27,135.0327,3645.88,signal=trend_50,,0.0
2021-07-28,BUY,NVDA,187,19.4552,3638.12,signal=mom20_pos,,0.0
2021-07-28,BUY,COST,8,400.4127,3203.3,signal=trend_50,,0.0
2021-08-04,SELL,META,10,355.7692,3557.69,rebalance,118.92,
2021-08-04,SELL,GOOGL,27,133.8039,3612.71,rebalance,-33.18,
2021-08-04,SELL,COST,8,412.518,3300.14,rebalance,96.84,
2021-08-04,BUY,AMD,32,118.8888,3804.44,signal=trend_50,,0.0
2021-08-04,BUY,CRWD,14,264.4742,3702.64,signal=trend_50,,0.0
2021-08-04,BUY,AAPL,25,143.383,3584.58,signal=mom20_pos,,0.0
2021-08-10,SELL,AMD,32,106.3735,3403.95,stop_loss,-400.49,
2021-08-11,SELL,CRWD,14,239.6401,3354.96,rebalance,-347.68,
2021-08-11,SELL,AAPL,25,142.2479,3556.2,rebalance,-28.38,
2021-08-11,BUY,AMD,33,107.7877,3556.99,signal=trend_50,,0.0
2021-08-11,BUY,GOOGL,26,135.2163,3515.62,signal=trend_50,,0.0
2021-08-11,BUY,COST,8,422.1421,3377.14,signal=trend_50,,0.0
2021-08-18,SELL,COST,8,423.1098,3384.88,rebalance,7.74,
2021-08-18,BUY,CRWD,15,234.0138,3510.21,signal=dip_5,,0.0
2021-08-25,SELL,GOOGL,26,140.6894,3657.92,rebalance,142.3,
2021-08-25,SELL,CRWD,15,269.73,4045.95,rebalance,535.74,
2021-08-25,BUY,COIN,13,257.0268,3341.35,signal=dip_5,,0.0
2021-08-25,BUY,MSFT,12,290.6832,3488.2,signal=mom20_pos,,0.0
2021-09-01,SELL,COIN,13,265.6341,3453.24,rebalance,111.89,
2021-09-01,BUY,GOOGL,25,144.0831,3602.08,signal=trend_50,,0.0
2021-09-09,SELL,NVDA,187,22.0824,4129.41,rebalance,491.29,
2021-09-09,SELL,MSFT,12,285.5302,3426.36,rebalance,-61.84,
2021-09-09,SELL,GOOGL,25,142.1371,3553.43,rebalance,-48.65,
2021-09-09,BUY,CRWD,13,265.4252,3450.53,signal=dip_5,,0.0
2021-09-09,BUY,COST,8,442.7029,3541.62,signal=trend_50,,0.0
2021-09-09,BUY,AAPL,23,150.5554,3462.77,signal=mom20_pos,,0.0
2021-09-16,SELL,AMD,33,106.1138,3501.76,rebalance,-55.24,
2021-09-16,SELL,AAPL,23,145.1054,3337.42,rebalance,-125.35,
2021-09-16,BUY,GOOGL,25,142.4901,3562.25,signal=trend_50,,0.0
2021-09-16,BUY,MSFT,12,293.7729,3525.27,signal=trend_50,,0.0
2021-09-23,SELL,COST,8,429.3398,3434.72,rebalance,-106.9,
2021-09-23,SELL,GOOGL,25,139.8348,3495.87,rebalance,-66.38,
2021-09-23,SELL,MSFT,12,287.7491,3452.99,rebalance,-72.29,
2021-09-23,BUY,PANW,45,80.6055,3627.25,signal=dip_5,,0.0
2021-09-23,BUY,AVGO,78,46.3666,3616.59,signal=dip_5,,0.0
2021-09-23,BUY,TSLA,14,251.4645,3520.5,signal=dip_5,,0.0
2021-09-29,SELL,CRWD,13,239.3304,3111.3,stop_loss,-339.23,
2021-09-30,SELL,ASML,5,711.1029,3555.51,rebalance,129.63,
2021-09-30,SELL,PANW,45,79.7535,3588.91,rebalance,-38.34,
2021-09-30,SELL,AVGO,78,44.4966,3470.73,rebalance,-145.86,
2021-09-30,SELL,TSLA,14,258.2349,3615.29,rebalance,94.79,
2021-09-30,BUY,CRWD,14,246.0258,3444.36,signal=dip_5,,0.0
2021-09-30,BUY,NVDA,175,20.6689,3617.06,signal=dip_5,,0.0
2021-09-30,BUY,GOOGL,26,132.6336,3448.47,signal=dip_5,,0.0
2021-09-30,BUY,NFLX,59,61.095,3604.61,signal=trend_50,,0.0
2021-09-30,BUY,AMZN,21,164.4163,3452.74,signal=dip_5,,0.0
2021-10-07,SELL,CRWD,14,249.6301,3494.82,rebalance,50.46,
2021-10-07,SELL,GOOGL,26,137.8633,3584.45,rebalance,135.97,
2021-10-07,SELL,AMZN,21,164.9564,3464.08,rebalance,11.34,
2021-10-07,BUY,PANW,44,82.3623,3623.94,signal=dip_5,,0.0
2021-10-07,BUY,AVGO,79,45.4122,3587.56,signal=dip_5,,0.0
2021-10-07,BUY,GS,10,348.0841,3480.84,signal=dip_5,,0.0
2021-10-14,SELL,NVDA,175,21.6532,3789.31,rebalance,172.25,
2021-10-14,SELL,PANW,44,83.7462,3684.83,rebalance,60.89,
2021-10-14,SELL,GS,10,347.9044,3479.04,rebalance,-1.8,
2021-10-14,BUY,TSLA,13,273.0461,3549.6,signal=trend_50,,0.0
2021-10-14,BUY,COIN,14,260.26,3643.64,signal=mom20_pos,,0.0
2021-10-14,BUY,JPM,25,145.9157,3647.89,signal=dip_5,,0.0
2021-10-21,SELL,AVGO,79,47.1778,3727.05,rebalance,139.48,
2021-10-21,SELL,JPM,25,150.9959,3774.9,rebalance,127.01,
2021-10-21,BUY,AMD,31,119.4493,3702.93,signal=mom20_pos,,0.0
2021-10-21,BUY,BAC,86,41.6874,3585.12,signal=trend_20,,0.0
2021-10-28,SELL,COIN,14,318.8109,4463.35,rebalance,819.71,
2021-10-28,SELL,AMD,31,121.0388,3752.2,rebalance,49.27,
2021-10-28,BUY,PANW,44,83.1481,3658.52,signal=dip_5,,0.0
2021-10-28,BUY,COST,7,466.8204,3267.74,signal=near_52w_high,,0.0
2021-11-04,SELL,BAC,86,42.0483,3616.15,rebalance,31.04,
2021-11-04,SELL,PANW,44,82.2227,3617.8,rebalance,-40.72,
2021-11-04,SELL,COST,7,489.7174,3428.02,rebalance,160.28,
2021-11-04,BUY,COIN,10,344.7945,3447.95,signal=trend_20,,0.0
2021-11-04,BUY,NVDA,140,29.7332,4162.65,signal=trend_50,,0.0
2021-11-04,BUY,AMD,28,137.6375,3853.85,signal=mom20_pos,,0.0
2021-11-23,SELL,COIN,10,316.8828,3168.83,stop_loss,-279.12,
2021-11-26,BUY,COST,7,519.7331,3638.13,signal=near_52w_high,,0.0
2021-12-03,SELL,NFLX,59,60.1528,3549.02,rebalance,-55.59,
2021-12-03,SELL,TSLA,13,337.985,4393.81,rebalance,844.21,
2021-12-03,SELL,AMD,28,143.866,4028.25,rebalance,174.4,
2021-12-03,BUY,AVGO,72,51.3149,3694.67,signal=near_52w_high,,0.0
2021-12-03,BUY,PANW,41,86.8968,3562.77,signal=trend_50,,0.0
2021-12-03,BUY,MU,45,79.7939,3590.73,signal=trend_20,,0.0
2021-12-10,SELL,PANW,41,88.553,3630.67,rebalance,67.9,
2021-12-10,SELL,MU,45,83.4591,3755.66,rebalance,164.93,
2021-12-10,BUY,TSLA,10,339.349,3393.49,signal=mom20_pos,,0.0
2021-12-10,BUY,AAPL,21,175.6124,3687.86,signal=trend_20,,0.0
2021-12-17,SELL,TSLA,10,310.5458,3105.46,stop_loss,-288.03,
2021-12-17,SELL,NVDA,140,27.6857,3876.0,rebalance,-286.65,
2021-12-17,BUY,PANW,42,88.445,3714.69,signal=trend_50,,0.0
2021-12-17,BUY,MU,45,81.143,3651.43,signal=trend_20,,0.0
2022-01-03,SELL,PANW,42,90.611,3805.66,rebalance,90.97,
2022-01-03,BUY,AMD,25,150.3902,3759.75,signal=trend_20,,0.0
2022-01-06,SELL,AMD,25,136.0938,3402.34,stop_loss,-357.41,
2022-01-10,SELL,AVGO,72,57.3615,4130.03,rebalance,435.36,
2022-01-10,SELL,AAPL,21,168.171,3531.59,rebalance,-156.27,
2022-01-10,BUY,BAC,83,43.7664,3632.61,signal=mom20_pos,,0.0
2022-01-10,BUY,AMZN,22,161.6475,3556.25,signal=dip_5,,0.0
2022-01-10,BUY,GOOGL,27,137.5881,3714.88,signal=dip_5,,0.0
2022-01-18,SELL,COST,7,463.5514,3244.86,stop_loss,-393.27,
2022-01-18,SELL,BAC,83,41.2955,3427.53,rebalance,-205.08,
2022-01-18,SELL,GOOGL,27,134.6679,3636.03,rebalance,-78.85,
2022-01-18,BUY,TSLA,10,343.8468,3438.47,signal=mom20_pos,,0.0
2022-01-18,BUY,PANW,44,83.8121,3687.73,signal=dip_5,,0.0
2022-01-18,BUY,META,11,315.9885,3475.87,signal=dip_5,,0.0
2022-01-24,SELL,AMZN,22,144.3995,3176.79,stop_loss,-379.46,
2022-01-24,SELL,TSLA,10,309.69,3096.9,stop_loss,-341.57,
2022-01-25,SELL,MU,45,78.8404,3547.82,rebalance,-103.62,
2022-01-25,SELL,PANW,44,79.1658,3483.3,rebalance,-204.44,
2022-01-25,SELL,META,11,297.5151,3272.67,rebalance,-203.21,
2022-01-25,BUY,TSM,30,113.9485,3418.45,signal=dip_5,,0.0
2022-01-25,BUY,ORCL,46,76.674,3527.0,signal=dip_5,,0.0
2022-01-25,BUY,GOOGL,27,125.9452,3400.52,signal=dip_5,,0.0
2022-02-01,SELL,GOOGL,27,136.2978,3680.04,rebalance,279.52,
2022-02-08,SELL,TSM,30,114.8628,3445.88,rebalance,27.43,
2022-02-08,SELL,ORCL,46,76.2565,3507.8,rebalance,-19.21,
2022-02-08,BUY,AMZN,22,161.5749,3554.65,signal=trend_20,,0.0
2022-02-08,BUY,BAC,82,44.1689,3621.85,signal=mom20_pos,,0.0
2022-02-15,SELL,AMZN,22,156.354,3439.79,rebalance,-114.86,
2022-02-15,SELL,BAC,82,42.6613,3498.23,rebalance,-123.62,
2022-02-15,BUY,TSM,32,115.8464,3707.08,signal=dip_5,,0.0
2022-02-15,BUY,AAPL,21,169.3103,3555.52,signal=dip_5,,0.0
2022-02-15,BUY,MU,40,93.9523,3758.09,signal=trend_20,,0.0
2022-02-15,BUY,PANW,41,87.8211,3600.67,signal=dip_5,,0.0
2022-02-15,BUY,ORCL,48,75.4445,3621.34,signal=dip_5,,0.0
2022-02-22,SELL,PANW,41,79.1724,3246.07,stop_loss,-354.6,
2022-02-23,SELL,MU,40,85.2769,3411.08,rebalance,-347.02,
2022-02-23,SELL,ORCL,48,68.4034,3283.36,rebalance,-337.97,
2022-02-23,BUY,PANW,44,79.6813,3505.98,signal=dip_5,,0.0
2022-02-25,SELL,TSM,32,103.2754,3304.81,stop_loss,-402.27,
2022-03-02,SELL,PANW,44,96.913,4264.17,rebalance,758.19,
2022-03-02,BUY,TSM,35,101.975,3569.12,signal=dip_5,,0.0
2022-03-02,BUY,COIN,18,194.6945,3504.5,signal=mom20_pos,,0.0
2022-03-02,BUY,MU,42,91.3099,3835.02,signal=dip_5,,0.0
2022-03-04,SELL,COIN,18,165.5842,2980.52,stop_loss,-523.99,
2022-03-07,SELL,MU,42,73.9373,3105.37,stop_loss,-729.65,
2022-03-08,SELL,AAPL,21,153.9612,3233.19,stop_loss,-322.33,
2022-03-08,SELL,TSM,35,92.8485,3249.7,stop_loss,-319.43,
2022-03-09,BUY,PANW,39,92.5775,3610.52,signal=dip_5,,0.0
2022-03-09,BUY,CRWD,22,169.9598,3739.12,signal=dip_5,,0.0
2022-03-09,BUY,AAPL,22,159.6685,3512.71,signal=dip_5,,0.0
2022-03-09,BUY,TSM,37,97.6396,3612.67,signal=dip_5,,0.0
2022-03-09,BUY,MU,46,77.7455,3576.29,signal=dip_5,,0.0
2022-03-14,SELL,MU,46,67.784,3118.06,stop_loss,-458.23,
2022-03-15,SELL,AAPL,22,151.6631,3336.59,stop_loss,-176.12,
2022-03-16,SELL,CRWD,22,189.4703,4168.35,rebalance,429.23,
2022-03-16,SELL,TSM,37,98.6048,3648.38,rebalance,35.71,
2022-03-16,BUY,AAPL,22,156.3761,3440.27,signal=dip_5,,0.0
2022-03-16,BUY,TSLA,13,280.3567,3644.64,signal=dip_5,,0.0
2022-03-16,BUY,MU,48,77.9706,3742.59,signal=dip_5,,0.0
2022-03-16,BUY,AMD,31,115.4854,3580.05,signal=dip_5,,0.0
2022-03-23,SELL,PANW,39,100.5727,3922.34,rebalance,311.81,
2022-03-23,SELL,AAPL,22,166.449,3661.88,rebalance,221.6,
2022-03-23,SELL,TSLA,13,332.7036,4325.15,rebalance,680.51,
2022-03-23,SELL,MU,48,73.8884,3546.64,rebalance,-195.95,
2022-03-23,SELL,AMD,31,113.8061,3527.99,rebalance,-52.06,
2022-03-23,BUY,AMZN,21,163.5714,3435.0,signal=trend_50,,0.0
2022-03-23,BUY,COST,6,528.0408,3168.24,signal=trend_20,,0.0
2022-03-23,BUY,ORCL,45,76.0309,3421.39,signal=mom20_pos,,0.0
2022-03-30,SELL,COST,6,548.3404,3290.04,rebalance,121.8,
2022-03-30,BUY,TSLA,9,365.028,3285.25,signal=trend_50,,0.0
2022-03-30,BUY,COIN,17,196.8967,3347.24,signal=mom20_pos,,0.0
2022-03-30,BUY,META,15,226.3019,3394.53,signal=mom20_pos,,0.0
2022-04-06,SELL,COIN,17,166.6732,2833.44,stop_loss,-513.8,
2022-04-06,SELL,TSLA,9,348.2381,3134.14,rebalance,-151.11,
2022-04-06,BUY,COST,6,557.368,3344.21,signal=trend_20,,0.0
2022-04-06,BUY,MU,48,72.2062,3465.9,signal=dip_5,,0.0
2022-04-12,SELL,AMZN,21,150.6367,3163.37,stop_loss,-271.63,
2022-04-13,SELL,ORCL,45,75.5693,3400.62,rebalance,-20.77,
2022-04-13,SELL,META,15,213.1027,3196.54,rebalance,-197.99,
2022-04-13,SELL,MU,48,70.7912,3397.98,rebalance,-67.92,
2022-04-13,BUY,CRWD,15,240.0999,3601.5,signal=dip_5,,0.0
2022-04-13,BUY,PANW,34,104.9398,3567.95,signal=dip_5,,0.0
2022-04-13,BUY,TSLA,10,341.1308,3411.31,signal=trend_50,,0.0
2022-04-13,BUY,AAPL,21,166.9684,3506.34,signal=dip_5,,0.0
2022-04-21,SELL,CRWD,15,209.6402,3144.6,rebalance,-456.9,
2022-04-21,SELL,PANW,34,98.568,3351.31,rebalance,-216.64,
2022-04-21,SELL,AAPL,21,162.7427,3417.6,rebalance,-88.74,
2022-04-27,SELL,TSLA,10,293.5428,2935.43,stop_loss,-475.88,
2022-04-28,BUY,CRWD,17,207.2671,3523.54,signal=dip_5,,0.0
2022-04-28,BUY,PANW,35,98.2215,3437.75,signal=dip_5,,0.0
2022-04-28,BUY,MU,52,68.7769,3576.4,signal=dip_5,,0.0
2022-04-28,BUY,AVGO,65,53.9319,3505.57,signal=dip_5,,0.0
2022-05-02,SELL,COST,6,503.9579,3023.75,stop_loss,-320.46,
2022-05-05,SELL,MU,52,69.7251,3625.71,rebalance,49.31,
2022-05-05,SELL,AVGO,65,53.9218,3504.92,rebalance,-0.66,
2022-05-06,SELL,CRWD,17,164.6452,2798.97,stop_loss,-724.57,
2022-05-06,SELL,PANW,35,84.0609,2942.13,stop_loss,-495.62,
2022-05-12,BUY,MU,51,66.3563,3384.17,signal=dip_5,,0.0
2022-05-12,BUY,PANW,43,79.8314,3432.75,signal=dip_5,,0.0
2022-05-19,SELL,PANW,43,72.6556,3124.19,stop_loss,-308.56,
2022-05-19,SELL,MU,51,67.8766,3461.71,rebalance,77.54,
2022-05-19,BUY,CRWD,24,142.7826,3426.78,signal=dip_5,,0.0
2022-05-26,SELL,CRWD,24,155.6842,3736.42,rebalance,309.64,
2022-05-26,BUY,MU,50,69.1885,3459.43,signal=dip_5,,0.0
2022-05-26,BUY,AMD,36,98.8487,3558.55,signal=dip_5,,0.0
2022-05-26,BUY,AVGO,68,51.2975,3488.23,signal=dip_5,,0.0
2022-05-26,BUY,META,18,190.328,3425.9,signal=dip_5,,0.0
2022-05-26,BUY,ASML,6,540.6546,3243.93,signal=dip_5,,0.0
2022-06-03,SELL,MU,50,68.4047,3420.24,rebalance,-39.19,
2022-06-03,SELL,AMD,36,106.1937,3822.97,rebalance,264.42,
2022-06-03,SELL,AVGO,68,52.372,3561.3,rebalance,73.07,
2022-06-03,SELL,META,18,189.1052,3403.89,rebalance,-22.01,
2022-06-03,SELL,ASML,6,543.0233,3258.14,rebalance,14.21,
2022-06-03,BUY,NFLX,167,19.9179,3326.29,signal=trend_20,,0.0
2022-06-03,BUY,AMZN,27,122.4723,3306.75,signal=trend_20,,0.0
2022-06-03,BUY,GOOGL,29,113.6478,3295.79,signal=trend_20,,0.0
2022-06-10,SELL,NFLX,167,18.2757,3052.04,rebalance,-274.25,
2022-06-10,SELL,AMZN,27,109.5404,2957.59,rebalance,-349.16,
2022-06-10,SELL,GOOGL,29,110.0743,3192.15,rebalance,-103.63,
2022-06-10,BUY,CRWD,19,169.4893,3220.3,signal=trend_20,,0.0
2022-06-10,BUY,AVGO,65,50.4227,3277.48,signal=dip_5,,0.0
2022-06-10,BUY,MU,52,61.368,3191.14,signal=dip_5,,0.0
2022-06-14,SELL,CRWD,19,159.1007,3022.91,stop_loss,-197.38,
2022-06-17,SELL,AVGO,65,46.3596,3013.37,stop_loss,-264.1,
2022-06-17,SELL,MU,52,54.5262,2835.36,stop_loss,-355.77,
2022-06-17,BUY,CRWD,21,164.0639,3445.34,signal=trend_20,,0.0
2022-06-27,BUY,COST,7,459.9068,3219.35,signal=mom20_pos,,0.0
2022-06-27,BUY,META,19,168.3384,3198.43,signal=dip_5,,0.0
2022-06-27,BUY,TSLA,13,245.1649,3187.14,signal=mom20_pos,,0.0
2022-06-27,BUY,AMD,38,86.2462,3277.36,signal=dip_5,,0.0
2022-06-30,SELL,AMD,38,76.3935,2902.95,stop_loss,-374.4,
2022-07-01,SELL,TSLA,13,227.0361,2951.47,stop_loss,-235.67,
2022-07-05,SELL,CRWD,21,186.833,3923.49,rebalance,478.15,
2022-07-05,SELL,META,19,166.7135,3167.56,rebalance,-30.87,
2022-07-12,SELL,COST,7,467.3912,3271.74,rebalance,52.39,
2022-07-19,BUY,META,20,174.5857,3491.71,signal=dip_5,,0.0
2022-07-19,BUY,AVGO,72,47.8097,3442.3,signal=dip_5,,0.0
2022-07-19,BUY,GOOGL,30,112.9225,3387.68,signal=dip_5,,0.0
2022-07-19,BUY,COST,6,496.6421,2979.85,signal=mom20_pos,,0.0
2022-07-19,BUY,TSLA,13,245.7755,3195.08,signal=dip_5,,0.0
2022-07-26,SELL,META,20,157.7529,3155.06,rebalance,-336.66,
2022-07-26,SELL,AVGO,72,47.9101,3449.53,rebalance,7.23,
2022-07-26,SELL,TSLA,13,258.6011,3361.81,rebalance,166.73,
2022-07-26,BUY,ORCL,46,70.604,3247.78,signal=trend_50,,0.0
2022-07-26,BUY,AAPL,22,148.7653,3272.84,signal=trend_50,,0.0
2022-07-26,BUY,ASML,6,505.999,3035.99,signal=trend_20,,0.0
2022-07-27,SELL,GOOGL,30,111.9542,3358.63,stop_loss,-29.05,
2022-08-02,SELL,ORCL,46,72.6711,3342.87,rebalance,95.09,
2022-08-02,BUY,TSLA,11,300.8873,3309.76,signal=trend_50,,0.0
2022-08-02,BUY,META,21,159.1016,3341.13,signal=dip_5,,0.0
2022-08-09,SELL,META,21,167.0506,3508.06,rebalance,166.93,
2022-08-09,BUY,COIN,34,87.7677,2984.1,signal=mom20_pos,,0.0
2022-08-16,SELL,AAPL,22,169.6907,3733.2,rebalance,460.36,
2022-08-16,SELL,ASML,6,547.2508,3283.5,rebalance,247.51,
2022-08-16,BUY,NVDA,178,18.8456,3354.52,signal=dip_5,,0.0
2022-08-16,BUY,NFLX,135,24.5936,3320.14,signal=trend_50,,0.0
2022-08-22,SELL,COIN,34,71.3985,2427.55,stop_loss,-556.55,
2022-08-23,SELL,NVDA,178,17.1163,3046.7,stop_loss,-307.82,
2022-08-23,SELL,NFLX,135,22.4325,3028.39,stop_loss,-291.75,
2022-08-23,SELL,COST,6,517.3493,3104.1,rebalance,124.24,
2022-08-23,BUY,PANW,39,95.0133,3705.52,signal=dip_5,,0.0
2022-08-23,BUY,GOOGL,29,112.9721,3276.19,signal=dip_5,,0.0
2022-08-23,BUY,AMZN,24,133.7536,3210.09,signal=dip_5,,0.0
2022-08-30,SELL,PANW,39,93.1867,3634.28,rebalance,-71.24,
2022-08-30,BUY,COIN,49,67.097,3287.75,signal=dip_5,,0.0
2022-08-30,BUY,NFLX,147,22.0871,3246.8,signal=dip_5,,0.0
2022-08-31,SELL,TSLA,11,275.3344,3028.68,stop_loss,-281.08,
2022-09-07,SELL,AMZN,24,129.3505,3104.41,rebalance,-105.67,
2022-09-07,BUY,PANW,37,90.09,3333.33,signal=dip_5,,0.0
2022-09-07,BUY,TSLA,12,283.9837,3407.8,signal=dip_5,,0.0
2022-09-14,SELL,GOOGL,29,103.973,3015.22,stop_loss,-260.97,
2022-09-14,SELL,COIN,49,78.6213,3852.44,rebalance,564.69,
2022-09-14,SELL,NFLX,147,22.3896,3291.27,rebalance,44.47,
2022-09-14,SELL,PANW,37,90.939,3364.74,rebalance,31.41,
2022-09-14,SELL,TSLA,12,302.3074,3627.69,rebalance,219.88,
2022-09-14,BUY,COST,6,485.8037,2914.82,signal=trend_20,,0.0
2022-09-14,BUY,AVGO,70,47.9741,3358.19,signal=trend_20,,0.0
2022-09-21,SELL,COST,6,470.584,2823.5,rebalance,-91.32,
2022-09-21,SELL,AVGO,70,45.5752,3190.26,rebalance,-167.92,
2022-09-21,BUY,COIN,49,67.7076,3317.67,signal=dip_5,,0.0
2022-09-21,BUY,PANW,38,85.6456,3254.53,signal=dip_5,,0.0
2022-09-21,BUY,CRWD,19,169.4192,3218.96,signal=dip_5,,0.0
2022-09-21,BUY,MU,66,49.1945,3246.84,signal=dip_5,,0.0
2022-09-21,BUY,META,22,141.1544,3105.4,signal=dip_5,,0.0
2022-09-26,SELL,COIN,49,62.2177,3048.67,stop_loss,-269.01,
2022-09-28,SELL,MU,66,49.9782,3298.56,rebalance,51.72,
2022-09-28,SELL,META,22,140.3669,3088.07,rebalance,-17.33,
2022-09-28,BUY,COIN,52,67.3773,3503.62,signal=dip_5,,0.0
2022-09-28,BUY,NFLX,147,24.5445,3608.04,signal=dip_5,,0.0
2022-09-28,BUY,TSLA,11,288.0978,3169.08,signal=dip_5,,0.0
2022-09-30,SELL,COIN,52,64.4255,3350.13,stop_loss,-153.49,
2022-10-03,SELL,TSLA,11,242.1576,2663.73,stop_loss,-505.34,
2022-10-05,SELL,PANW,38,87.7372,3334.01,rebalance,79.48,
2022-10-05,SELL,CRWD,19,176.5233,3353.94,rebalance,134.98,
2022-10-10,SELL,NFLX,147,22.975,3377.33,stop_loss,-230.72,
2022-10-12,BUY,PANW,41,77.7327,3187.04,signal=dip_5,,0.0
2022-10-12,BUY,CRWD,21,153.143,3216.0,signal=dip_5,,0.0
2022-10-12,BUY,NVDA,285,11.483,3272.66,signal=dip_5,,0.0
2022-10-12,BUY,BAC,121,27.1719,3287.8,signal=dip_5,,0.0
2022-10-12,BUY,MSFT,15,219.1031,3286.55,signal=dip_5,,0.0
2022-10-19,SELL,NVDA,285,12.0092,3422.62,rebalance,149.97,
2022-10-19,SELL,BAC,121,30.8047,3727.37,rebalance,439.57,
2022-10-19,SELL,MSFT,15,229.0586,3435.88,rebalance,149.33,
2022-10-19,BUY,NFLX,138,27.2652,3762.6,signal=mom20_pos,,0.0
2022-10-19,BUY,MU,64,52.1814,3339.61,signal=mom20_pos,,0.0
2022-10-19,BUY,ORCL,51,63.5568,3241.4,signal=trend_20,,0.0
2022-10-26,SELL,PANW,41,83.2816,3414.55,rebalance,227.5,
2022-10-26,SELL,CRWD,21,161.6082,3393.77,rebalance,177.77,
2022-10-26,BUY,COIN,44,73.8838,3250.89,signal=mom20_pos,,0.0
2022-10-26,BUY,JPM,29,114.279,3314.09,signal=mom20_pos,,0.0
2022-11-01,SELL,COIN,44,63.2267,2781.97,stop_loss,-468.91,
2022-11-02,SELL,MU,64,52.4896,3359.33,rebalance,19.72,
2022-11-02,BUY,GS,10,319.5166,3195.17,signal=trend_20,,0.0
2022-11-02,BUY,BAC,101,32.8411,3316.95,signal=trend_20,,0.0
2022-11-09,SELL,NFLX,138,25.4405,3510.79,rebalance,-251.81,
2022-11-09,SELL,BAC,101,33.1659,3349.76,rebalance,32.8,
2022-11-09,BUY,PANW,43,75.8608,3262.01,signal=dip_5,,0.0
2022-11-09,BUY,MU,59,55.0743,3249.38,signal=mom20_pos,,0.0
2022-11-16,SELL,JPM,29,122.3304,3547.58,rebalance,233.49,
2022-11-16,SELL,PANW,43,79.4655,3417.02,rebalance,155.0,
2022-11-16,BUY,TSM,44,75.0857,3303.77,signal=mom20_pos,,0.0
2022-11-16,BUY,NVDA,203,15.8865,3224.96,signal=mom20_pos,,0.0
2022-11-23,SELL,GS,10,352.1162,3521.16,rebalance,326.0,
2022-11-23,SELL,MU,59,57.8711,3414.39,rebalance,165.01,
2022-11-23,BUY,AMD,44,76.4764,3364.96,signal=trend_20,,0.0
2022-11-23,BUY,ASML,5,586.0734,2930.37,signal=mom20_pos,,0.0
2022-12-01,SELL,AMD,44,77.4025,3405.71,rebalance,40.75,
2022-12-01,BUY,NFLX,110,31.7267,3489.94,signal=dip_5,,0.0
2022-12-08,SELL,ORCL,51,76.6037,3906.79,rebalance,665.39,
2022-12-08,SELL,ASML,5,587.8471,2939.24,rebalance,8.87,
2022-12-08,SELL,NFLX,110,30.995,3409.45,rebalance,-80.49,
2022-12-08,BUY,JPM,27,122.3543,3303.57,signal=mom20_pos,,0.0
2022-12-08,BUY,AMD,47,70.5405,3315.4,signal=mom20_pos,,0.0
2022-12-08,BUY,PANW,40,80.4704,3218.82,signal=dip_5,,0.0
2022-12-15,SELL,TSM,44,73.6152,3239.07,rebalance,-64.7,
2022-12-15,SELL,JPM,27,119.5552,3227.99,rebalance,-75.58,
2022-12-15,SELL,AMD,47,66.4635,3123.78,rebalance,-191.62,
2022-12-15,BUY,GOOGL,35,90.1515,3155.3,signal=dip_5,,0.0
2022-12-22,SELL,PANW,40,71.5034,2860.14,stop_loss,-358.68,
2022-12-22,SELL,GOOGL,35,86.9017,3041.56,rebalance,-113.74,
2022-12-22,BUY,NFLX,112,29.8048,3338.14,signal=dip_5,,0.0
2022-12-22,BUY,ASML,5,539.5835,2697.92,signal=dip_5,,0.0
2022-12-22,BUY,AVGO,62,52.8237,3275.07,signal=dip_5,,0.0
2022-12-22,BUY,MSFT,14,231.8283,3245.6,signal=dip_5,,0.0
2022-12-28,SELL,NVDA,203,13.9909,2840.15,stop_loss,-384.81,
2022-12-30,SELL,AVGO,62,53.2939,3304.22,rebalance,29.15,
2022-12-30,BUY,GOOGL,37,87.542,3239.05,signal=dip_5,,0.0
2022-12-30,BUY,AMZN,39,84.084,3279.28,signal=dip_5,,0.0
2023-01-09,SELL,NFLX,112,31.4855,3526.38,rebalance,188.24,
2023-01-09,SELL,ASML,5,601.8341,3009.17,rebalance,311.25,
2023-01-09,SELL,GOOGL,37,87.1591,3224.89,rebalance,-14.17,
2023-01-09,SELL,AMZN,39,87.2726,3403.63,rebalance,124.36,
2023-01-09,BUY,ORCL,40,83.1549,3326.2,signal=trend_20,,0.0
2023-01-09,BUY,JPM,26,127.423,3313.0,signal=trend_20,,0.0
2023-01-09,BUY,BAC,105,31.0194,3257.04,signal=trend_20,,0.0
2023-01-09,BUY,COST,7,458.6582,3210.61,signal=dip_5,,0.0
2023-01-17,SELL,MSFT,14,233.4633,3268.49,rebalance,22.89,
2023-01-17,SELL,BAC,105,31.5329,3310.95,rebalance,53.92,
2023-01-17,SELL,COST,7,465.4099,3257.87,rebalance,47.26,
2023-01-17,BUY,NVDA,199,17.6804,3518.4,signal=trend_20,,0.0
2023-01-17,BUY,TSM,40,84.5784,3383.14,signal=trend_20,,0.0
2023-01-17,BUY,ASML,5,638.8138,3194.07,signal=trend_20,,0.0
2023-01-24,SELL,JPM,26,128.1682,3332.37,rebalance,19.38,
2023-01-24,BUY,AVGO,60,55.8742,3352.45,signal=dip_5,,0.0
2023-01-31,SELL,ORCL,40,84.9478,3397.91,rebalance,71.72,
2023-01-31,SELL,AVGO,60,55.7606,3345.64,rebalance,-6.82,
2023-01-31,BUY,META,23,147.9579,3403.03,signal=mom20_pos,,0.0
2023-01-31,BUY,AMD,46,75.2252,3460.36,signal=trend_20,,0.0
2023-02-07,SELL,AMD,46,85.8241,3947.91,rebalance,487.55,
2023-02-07,BUY,COIN,45,71.4914,3217.11,signal=trend_20,,0.0
2023-02-10,SELL,COIN,45,57.0329,2566.48,stop_loss,-650.63,
2023-02-14,SELL,ASML,5,657.6466,3288.23,rebalance,94.16,
2023-02-14,BUY,NFLX,95,36.032,3423.04,signal=dip_5,,0.0
2023-02-14,BUY,TSLA,17,209.4592,3560.81,signal=trend_20,,0.0
2023-02-22,SELL,TSM,40,82.3606,3294.42,rebalance,-88.71,
2023-02-22,SELL,NFLX,95,33.4545,3178.18,rebalance,-244.86,
2023-02-22,BUY,COIN,54,61.2412,3307.02,signal=mom20_pos,,0.0
2023-02-22,BUY,PANW,40,93.9689,3758.76,signal=trend_20,,0.0
2023-03-01,SELL,COIN,54,64.6053,3488.69,rebalance,181.66,
2023-03-01,BUY,NFLX,105,31.3793,3294.83,signal=dip_5,,0.0
2023-03-03,SELL,TSLA,17,197.5922,3359.07,stop_loss,-201.74,
2023-03-08,SELL,META,23,183.3462,4216.96,rebalance,813.93,
2023-03-08,BUY,CRWD,27,129.0489,3484.32,signal=mom20_pos,,0.0
2023-03-08,BUY,AVGO,57,60.385,3441.94,signal=trend_50,,0.0
2023-03-15,SELL,NFLX,105,30.3486,3186.6,rebalance,-108.22,
2023-03-15,SELL,AVGO,57,59.6714,3401.27,rebalance,-40.68,
2023-03-15,BUY,META,17,196.4065,3338.91,signal=mom20_pos,,0.0
2023-03-15,BUY,COIN,54,64.5345,3484.86,signal=mom20_pos,,0.0
2023-03-22,SELL,CRWD,27,133.1267,3594.42,rebalance,110.1,
2023-03-22,BUY,AMD,36,97.6776,3516.39,signal=trend_20,,0.0
2023-03-29,SELL,PANW,40,95.9989,3839.96,rebalance,81.2,
2023-03-29,BUY,TSLA,18,194.0739,3493.33,signal=trend_20,,0.0
2023-04-05,SELL,AMD,36,92.4674,3328.83,rebalance,-187.57,
2023-04-05,BUY,PANW,35,97.1871,3401.55,signal=trend_20,,0.0
2023-04-13,SELL,TSLA,18,185.7141,3342.85,rebalance,-150.48,
2023-04-13,BUY,CRWD,25,136.2361,3405.9,signal=dip_5,,0.0
2023-04-20,SELL,COIN,54,60.4395,3263.73,rebalance,-221.13,
2023-04-20,SELL,CRWD,25,129.7601,3244.0,rebalance,-161.9,
2023-04-20,BUY,AAPL,20,164.2831,3285.66,signal=mom20_pos,,0.0
2023-04-20,BUY,MU,57,60.7366,3461.99,signal=dip_5,,0.0
2023-04-27,SELL,NVDA,199,27.1431,5401.48,rebalance,1883.08,
2023-04-27,SELL,PANW,35,92.4674,3236.36,rebalance,-165.19,
2023-04-27,SELL,MU,57,61.0492,3479.8,rebalance,17.82,
2023-04-27,BUY,CRWD,27,126.1761,3406.75,signal=dip_5,,0.0
2023-04-27,BUY,MSFT,11,297.4316,3271.75,signal=trend_50,,0.0
2023-04-27,BUY,GOOGL,33,106.751,3522.78,signal=dip_5,,0.0
2023-05-04,SELL,GOOGL,33,103.6661,3420.98,rebalance,-101.8,
2023-05-04,BUY,NVDA,123,27.5331,3386.57,signal=mom20_pos,,0.0
2023-05-11,SELL,CRWD,27,132.0178,3564.48,rebalance,157.73,
2023-05-11,BUY,PANW,34,98.6886,3355.41,signal=trend_20,,0.0
2023-05-18,SELL,AAPL,20,172.4572,3449.14,rebalance,163.48,
2023-05-18,SELL,PANW,34,94.7651,3222.01,rebalance,-133.4,
2023-05-18,BUY,AMZN,29,118.2682,3429.78,signal=trend_20,,0.0
2023-05-18,BUY,GOOGL,28,121.8722,3412.42,signal=mom20_pos,,0.0
2023-05-25,SELL,AMZN,29,114.885,3331.66,rebalance,-98.11,
2023-05-25,BUY,AMD,31,120.4703,3734.58,signal=trend_20,,0.0
2023-06-02,SELL,GOOGL,28,123.4507,3456.62,rebalance,44.2,
2023-06-02,BUY,AVGO,46,78.1095,3593.04,signal=mom20_pos,,0.0
2023-06-09,SELL,MSFT,11,318.9172,3508.09,rebalance,236.34,
2023-06-09,BUY,TSLA,14,244.6444,3425.02,signal=trend_20,,0.0
2023-06-16,SELL,AMD,31,119.9599,3718.76,rebalance,-15.82,
2023-06-16,BUY,ORCL,29,121.2255,3515.54,signal=near_52w_high,,0.0
2023-07-03,SELL,ORCL,29,112.9698,3276.12,rebalance,-239.42,
2023-07-03,BUY,PANW,27,127.4473,3441.08,signal=mom20_pos,,0.0
2023-07-13,SELL,PANW,27,119.3855,3223.41,stop_loss,-217.67,
2023-07-18,BUY,COIN,33,104.6946,3454.92,signal=mom20_pos,,0.0
2023-07-25,SELL,TSLA,14,265.0147,3710.21,rebalance,285.18,
2023-07-25,BUY,ORCL,31,114.3689,3545.44,signal=trend_50,,0.0
2023-07-28,SELL,COIN,33,94.6652,3123.95,stop_loss,-330.97,
2023-08-01,SELL,ORCL,31,114.1017,3537.15,rebalance,-8.28,
2023-08-01,BUY,COIN,36,94.2442,3392.79,signal=mom20_pos,,0.0
2023-08-01,BUY,CRWD,22,166.126,3654.77,signal=trend_50,,0.0
2023-08-07,SELL,CRWD,22,150.819,3318.02,stop_loss,-336.75,
2023-08-08,SELL,COIN,36,87.952,3166.27,stop_loss,-226.52,
2023-08-08,BUY,AMZN,24,140.0799,3361.92,signal=trend_50,,0.0
2023-08-15,SELL,META,17,299.2993,5088.09,rebalance,1749.18,
2023-08-15,SELL,NVDA,123,43.8107,5388.72,rebalance,2002.14,
2023-08-15,SELL,AVGO,46,81.3143,3740.46,rebalance,147.42,
2023-08-15,BUY,ASML,5,637.1593,3185.8,signal=dip_5,,0.0
2023-08-15,BUY,JPM,24,141.9747,3407.39,signal=trend_50,,0.0
2023-08-15,BUY,GS,11,309.9778,3409.76,signal=dip_5,,0.0
2023-08-15,BUY,BAC,122,27.8018,3391.82,signal=dip_5,,0.0
2023-08-22,SELL,JPM,24,137.5107,3300.26,rebalance,-107.14,
2023-08-22,SELL,GS,11,296.8616,3265.48,rebalance,-144.28,
2023-08-22,SELL,BAC,122,26.3562,3215.46,rebalance,-176.36,
2023-08-22,BUY,GOOGL,27,128.0734,3457.98,signal=dip_5,,0.0
2023-08-22,BUY,CRWD,22,152.4823,3354.61,signal=dip_5,,0.0
2023-08-29,SELL,GOOGL,27,133.2538,3597.85,rebalance,139.87,
2023-08-29,SELL,CRWD,22,146.5533,3224.17,rebalance,-130.44,
2023-08-29,BUY,ORCL,30,116.9869,3509.61,signal=mom20_pos,,0.0
2023-08-29,BUY,AMD,34,106.0259,3604.88,signal=dip_5,,0.0
2023-09-06,SELL,ASML,5,649.8782,3249.39,rebalance,63.59,
2023-09-06,SELL,AMD,34,109.1707,3711.8,rebalance,106.92,
2023-09-06,BUY,TSLA,13,252.1719,3278.23,signal=trend_20,,0.0
2023-09-06,BUY,NFLX,78,44.6206,3480.41,signal=mom20_pos,,0.0
2023-09-06,BUY,PANW,28,122.7276,3436.37,signal=mom20_pos,,0.0
2023-09-13,SELL,ORCL,30,108.2277,3246.83,stop_loss,-262.78,
2023-09-13,SELL,TSLA,13,271.0287,3523.37,rebalance,245.14,
2023-09-13,SELL,NFLX,78,41.1828,3212.26,rebalance,-268.15,
2023-09-13,SELL,PANW,28,123.0219,3444.61,rebalance,8.24,
2023-09-13,BUY,COIN,43,79.9399,3437.42,signal=trend_20,,0.0
2023-09-13,BUY,NVDA,78,45.4457,3544.76,signal=dip_5,,0.0
2023-09-13,BUY,ASML,5,603.2823,3016.41,signal=dip_5,,0.0
2023-09-13,BUY,META,11,302.9874,3332.86,signal=mom20_pos,,0.0
2023-09-20,SELL,AMZN,24,135.1547,3243.71,rebalance,-118.2,
2023-09-20,SELL,NVDA,78,42.1182,3285.22,rebalance,-259.55,
2023-09-20,SELL,META,11,297.0393,3267.43,rebalance,-65.43,
2023-09-20,BUY,CRWD,21,164.0539,3445.13,signal=dip_5,,0.0
2023-09-20,BUY,TSLA,13,262.8526,3417.08,signal=dip_5,,0.0
2023-09-20,BUY,COST,6,543.2612,3259.57,signal=trend_20,,0.0
2023-09-25,SELL,COIN,43,71.6783,3082.17,stop_loss,-355.25,
2023-09-27,SELL,ASML,5,560.5888,2802.94,rebalance,-213.47,
2023-09-27,BUY,GOOGL,27,129.522,3497.09,signal=dip_5,,0.0
2023-09-27,BUY,AMD,35,98.1681,3435.88,signal=dip_5,,0.0
2023-09-28,SELL,TSLA,13,246.1336,3199.74,stop_loss,-217.35,
2023-10-04,SELL,CRWD,21,163.886,3441.61,rebalance,-3.53,
2023-10-04,SELL,COST,6,549.8396,3299.04,rebalance,39.47,
2023-10-04,SELL,GOOGL,27,133.9173,3615.77,rebalance,118.67,
2023-10-04,SELL,AMD,35,103.9659,3638.81,rebalance,202.92,
2023-10-04,BUY,ASML,6,577.6768,3466.06,signal=dip_5,,0.0
2023-10-04,BUY,NVDA,79,44.003,3476.24,signal=trend_20,,0.0
2023-10-04,BUY,META,11,303.5039,3338.54,signal=mom20_pos,,0.0
2023-10-11,SELL,ASML,6,591.4804,3548.88,rebalance,82.82,
2023-10-11,BUY,CRWD,18,188.4082,3391.35,signal=trend_50,,0.0
2023-10-11,BUY,COST,6,544.8895,3269.34,signal=dip_5,,0.0
2023-10-11,BUY,MU,50,69.6301,3481.51,signal=trend_20,,0.0
2023-10-18,SELL,NVDA,79,42.0753,3323.95,rebalance,-152.29,
2023-10-18,SELL,CRWD,18,187.6022,3376.84,rebalance,-14.51,
2023-10-18,SELL,COST,6,552.5705,3315.42,rebalance,46.09,
2023-10-18,SELL,MU,50,68.432,3421.6,rebalance,-59.9,
2023-10-25,BUY,CRWD,18,175.5554,3160.0,signal=dip_5,,0.0
2023-10-25,BUY,PANW,27,122.5174,3307.97,signal=dip_5,,0.0
2023-10-25,BUY,COST,6,529.9259,3179.56,signal=dip_5,,0.0
2023-10-25,BUY,MSFT,10,333.8337,3338.34,signal=trend_20,,0.0
2023-11-01,SELL,META,11,309.1124,3400.24,rebalance,61.69,
2023-11-01,SELL,COST,6,535.4156,3212.49,rebalance,32.94,
2023-11-01,BUY,AMZN,25,137.137,3428.43,signal=trend_50,,0.0
2023-11-01,BUY,AMD,35,108.148,3785.18,signal=dip_5,,0.0
2023-11-08,SELL,AMZN,25,141.9379,3548.45,rebalance,120.02,
2023-11-08,SELL,AMD,35,113.4764,3971.67,rebalance,186.49,
2023-11-08,BUY,ASML,5,626.6273,3133.14,signal=mom20_pos,,0.0
2023-11-08,BUY,GS,11,305.3649,3359.01,signal=trend_20,,0.0
2023-11-15,SELL,PANW,27,127.9619,3454.97,rebalance,147.0,
2023-11-15,BUY,BAC,129,27.7339,3577.67,signal=mom20_pos,,0.0
2023-11-22,SELL,GS,11,317.9757,3497.73,rebalance,138.72,
2023-11-22,SELL,BAC,129,27.6878,3571.73,rebalance,-5.95,
2023-11-22,BUY,COIN,33,109.3592,3608.85,signal=mom20_pos,,0.0
2023-11-22,BUY,NFLX,74,47.8478,3540.74,signal=mom20_pos,,0.0
2023-11-30,SELL,NFLX,74,47.3496,3503.87,rebalance,-36.87,
2023-11-30,BUY,BAC,125,28.7763,3597.04,signal=mom20_pos,,0.0
2023-12-07,SELL,MSFT,10,363.5161,3635.16,rebalance,296.82,
2023-12-07,BUY,AMD,30,128.4984,3854.95,signal=trend_50,,0.0
2023-12-21,SELL,ASML,5,738.8308,3694.15,rebalance,561.02,
2023-12-21,BUY,AVGO,33,110.1139,3633.76,signal=mom20_pos,,0.0
2024-01-16,SELL,COIN,33,133.7461,4413.62,rebalance,804.77,
2024-01-16,BUY,COST,5,672.7932,3363.97,signal=near_52w_high,,0.0
2024-01-23,SELL,BAC,125,30.8664,3858.3,rebalance,261.26,
2024-01-23,BUY,NVDA,61,59.8265,3649.42,signal=trend_50,,0.0
2024-01-30,SELL,COST,5,690.4154,3452.08,rebalance,88.11,
2024-01-30,SELL,NVDA,61,62.6,3818.6,rebalance,169.18,
2024-01-30,BUY,ASML,4,850.8365,3403.35,signal=mom20_pos,,0.0
2024-01-30,BUY,NFLX,64,56.3413,3605.84,signal=trend_50,,0.0
2024-02-06,SELL,AVGO,33,119.1901,3933.27,rebalance,299.51,
2024-02-06,SELL,NFLX,64,55.5324,3554.07,rebalance,-51.77,
2024-02-06,BUY,NVDA,53,68.1701,3613.02,signal=trend_50,,0.0
2024-02-06,BUY,META,8,451.6306,3613.04,signal=trend_50,,0.0
2024-02-13,SELL,ASML,4,885.2049,3540.82,rebalance,137.47,
2024-02-13,BUY,COIN,25,140.5304,3513.26,signal=trend_20,,0.0
2024-02-21,SELL,AMD,30,164.1257,4923.77,rebalance,1068.82,
2024-02-21,BUY,ASML,4,891.7786,3567.11,signal=trend_50,,0.0
2024-02-28,SELL,ASML,4,920.6594,3682.64,rebalance,115.52,
2024-02-28,BUY,AMD,21,176.7165,3711.05,signal=trend_50,,0.0
2024-03-06,SELL,CRWD,18,329.2404,5926.33,rebalance,2766.33,
2024-03-06,BUY,AVGO,29,131.8683,3824.18,signal=trend_50,,0.0
2024-03-13,SELL,META,8,491.7408,3933.93,rebalance,320.88,
2024-03-13,SELL,AVGO,29,122.6235,3556.08,rebalance,-268.1,
2024-03-13,BUY,TSM,27,137.7193,3718.42,signal=trend_50,,0.0
2024-03-13,BUY,ASML,4,951.2528,3805.01,signal=trend_50,,0.0
2024-03-20,SELL,AMD,21,179.5503,3770.56,rebalance,59.51,
2024-03-20,SELL,ASML,4,951.4493,3805.8,rebalance,0.79,
2024-03-20,BUY,META,7,502.6181,3518.33,signal=trend_20,,0.0
2024-03-20,BUY,NFLX,61,62.8318,3832.74,signal=trend_50,,0.0
2024-03-27,SELL,NFLX,61,61.2916,3738.79,rebalance,-93.95,
2024-03-27,BUY,MU,32,118.4235,3789.55,signal=trend_20,,0.0
2024-04-04,SELL,COIN,25,249.3604,6234.01,rebalance,2720.75,
2024-04-04,BUY,ASML,4,936.1607,3744.64,signal=trend_50,,0.0
2024-04-18,SELL,NVDA,53,84.4402,4475.33,rebalance,862.32,
2024-04-18,SELL,TSM,27,128.4196,3467.33,rebalance,-251.09,
2024-04-18,BUY,NFLX,62,61.1171,3789.26,signal=dip_5,,0.0
2024-04-18,BUY,AMZN,21,179.3992,3767.38,signal=trend_50,,0.0
2024-04-22,SELL,MU,32,108.2516,3464.05,stop_loss,-325.5,
2024-04-22,SELL,ASML,4,854.5619,3418.25,stop_loss,-326.4,
2024-04-22,SELL,NFLX,62,55.4045,3435.08,stop_loss,-354.18,
2024-04-25,SELL,META,7,437.9695,3065.79,rebalance,-452.54,
2024-04-25,SELL,AMZN,21,173.4963,3643.42,rebalance,-123.96,
2024-04-25,BUY,GS,9,401.2763,3611.49,signal=trend_50,,0.0
2024-04-25,BUY,JPM,20,185.5671,3711.34,signal=trend_50,,0.0
2024-04-25,BUY,BAC,104,36.0313,3747.26,signal=trend_50,,0.0
2024-04-25,BUY,TSLA,23,170.3502,3918.05,signal=dip_5,,0.0
2024-04-25,BUY,AVGO,30,126.9777,3809.33,signal=dip_5,,0.0
2024-05-02,SELL,JPM,20,183.5586,3671.17,rebalance,-40.17,
2024-05-02,SELL,TSLA,23,179.83,4136.09,rebalance,218.04,
2024-05-02,SELL,AVGO,30,121.2563,3637.69,rebalance,-171.64,
2024-05-02,BUY,GOOGL,23,165.3207,3802.38,signal=trend_20,,0.0
2024-05-02,BUY,AMZN,21,184.9047,3883.0,signal=dip_5,,0.0
2024-05-02,BUY,COST,5,725.3184,3626.59,signal=mom20_pos,,0.0
2024-05-09,SELL,BAC,104,36.3103,3776.27,rebalance,29.02,
2024-05-09,SELL,AMZN,21,189.3105,3975.52,rebalance,92.52,
2024-05-09,SELL,COST,5,769.9239,3849.62,rebalance,223.03,
2024-05-09,BUY,MU,32,117.1064,3747.4,signal=trend_50,,0.0
2024-05-09,BUY,NVDA,42,88.6823,3724.66,signal=mom20_pos,,0.0
2024-05-09,BUY,TSLA,21,172.142,3614.98,signal=dip_5,,0.0
2024-05-16,SELL,NVDA,42,94.1018,3952.28,rebalance,227.62,
2024-05-16,BUY,COST,4,785.3588,3141.44,signal=mom20_pos,,0.0
2024-05-23,SELL,TSLA,21,173.5663,3644.89,rebalance,29.91,
2024-05-23,SELL,COST,4,787.0213,3148.09,rebalance,6.65,
2024-05-23,BUY,NVDA,40,103.7233,4148.93,signal=mom20_pos,,0.0
2024-05-23,BUY,TSM,25,152.8225,3820.56,signal=near_52w_high,,0.0
2024-05-31,SELL,TSM,25,146.6432,3666.08,rebalance,-154.48,
2024-05-31,BUY,COIN,16,226.1459,3618.33,signal=mom20_pos,,0.0
2024-06-07,SELL,COIN,16,243.9158,3902.65,rebalance,284.32,
2024-06-07,BUY,ORCL,32,123.4156,3949.3,signal=trend_20,,0.0
2024-06-14,SELL,GS,9,428.2297,3854.07,rebalance,242.58,
2024-06-14,SELL,ORCL,32,135.1122,4323.59,rebalance,374.29,
2024-06-14,BUY,TSM,23,168.353,3872.12,signal=near_52w_high,,0.0
2024-06-14,BUY,COST,4,847.3502,3389.4,signal=mom20_pos,,0.0
2024-07-01,SELL,MU,32,130.4733,4175.15,rebalance,427.74,
2024-07-01,BUY,AAPL,18,215.1034,3871.86,signal=trend_50,,0.0
2024-07-09,SELL,GOOGL,23,187.3465,4308.97,rebalance,506.59,
2024-07-09,BUY,TSLA,15,262.5923,3938.88,signal=trend_50,,0.0
2024-07-12,SELL,TSLA,15,247.9818,3719.73,stop_loss,-219.16,
2024-07-16,SELL,COST,4,840.8145,3363.26,rebalance,-26.14,
2024-07-16,SELL,AAPL,18,232.5706,4186.27,rebalance,314.41,
2024-07-16,BUY,COIN,16,251.7415,4027.86,signal=dip_5,,0.0
2024-07-16,BUY,TSLA,15,256.8166,3852.25,signal=trend_20,,0.0
2024-07-16,BUY,GS,8,483.4461,3867.57,signal=trend_50,,0.0
2024-07-23,SELL,NVDA,40,122.2659,4890.64,rebalance,741.7,
2024-07-23,SELL,TSM,23,165.3967,3804.12,rebalance,-67.99,
2024-07-23,SELL,COIN,16,257.3724,4117.96,rebalance,90.09,
2024-07-23,BUY,AAPL,17,223.3007,3796.11,signal=trend_20,,0.0
2024-07-23,BUY,AMD,24,154.154,3699.7,signal=dip_5,,0.0
2024-07-23,BUY,AVGO,24,161.1623,3867.9,signal=dip_5,,0.0
2024-07-25,SELL,TSLA,15,220.0298,3300.45,stop_loss,-551.8,
2024-07-25,SELL,AVGO,24,146.5899,3518.16,stop_loss,-349.74,
2024-07-26,SELL,AMD,24,139.85,3356.4,stop_loss,-343.3,
2024-07-30,SELL,AAPL,17,216.704,3683.97,rebalance,-112.14,
2024-07-30,BUY,COIN,16,224.6845,3594.95,signal=dip_5,,0.0
2024-07-30,BUY,PANW,23,158.9138,3655.02,signal=trend_50,,0.0
2024-07-30,BUY,NFLX,61,62.3203,3801.54,signal=dip_5,,0.0
2024-07-30,BUY,JPM,18,207.6509,3737.72,signal=trend_20,,0.0
2024-08-05,SELL,COIN,16,189.2805,3028.49,stop_loss,-566.46,
2024-08-05,SELL,JPM,18,187.696,3378.53,stop_loss,-359.19,
2024-08-06,SELL,GS,8,451.0195,3608.16,stop_loss,-259.41,
2024-08-06,SELL,PANW,23,150.814,3468.72,rebalance,-186.3,
2024-08-06,SELL,NFLX,61,60.896,3714.66,rebalance,-86.88,
2024-08-06,BUY,JPM,20,193.3212,3866.42,signal=dip_5,,0.0
2024-08-13,SELL,JPM,20,200.254,4005.08,rebalance,138.66,
2024-08-13,BUY,TSM,23,168.1871,3868.3,signal=trend_20,,0.0
2024-08-13,BUY,NFLX,59,64.8668,3827.14,signal=trend_20,,0.0
2024-08-13,BUY,COST,4,857.6305,3430.52,signal=trend_20,,0.0
2024-08-13,BUY,PANW,22,166.7816,3669.2,signal=trend_50,,0.0
2024-08-13,BUY,COIN,19,198.1379,3764.62,signal=dip_5,,0.0
2024-08-20,SELL,COST,4,867.1797,3468.72,rebalance,38.2,
2024-08-20,SELL,PANW,22,183.821,4044.06,rebalance,374.87,
2024-08-20,SELL,COIN,19,197.0528,3744.0,rebalance,-20.62,
2024-08-20,BUY,NVDA,29,127.1677,3687.86,signal=mom20_pos,,0.0
2024-08-20,BUY,AAPL,17,225.0495,3825.84,signal=trend_20,,0.0
2024-08-20,BUY,AVGO,23,163.3076,3756.07,signal=trend_20,,0.0
2024-08-27,SELL,TSM,23,166.1077,3820.48,rebalance,-47.83,
2024-08-27,SELL,NFLX,59,69.5024,4100.64,rebalance,273.5,
2024-08-27,BUY,TSLA,17,209.4192,3560.13,signal=mom20_pos,,0.0
2024-08-27,BUY,ORCL,27,136.109,3674.94,signal=mom20_pos,,0.0
2024-08-30,SELL,NVDA,29,119.0544,3452.58,stop_loss,-235.29,
2024-09-04,SELL,AVGO,23,151.3629,3481.35,stop_loss,-274.73,
2024-09-04,BUY,PANW,21,173.2481,3638.21,signal=trend_50,,0.0
2024-09-04,BUY,META,7,510.3028,3572.12,signal=trend_20,,0.0
2024-09-11,SELL,AAPL,17,220.7823,3753.3,rebalance,-72.54,
2024-09-11,SELL,META,7,508.3794,3558.66,rebalance,-13.46,
2024-09-11,BUY,GS,8,455.5145,3644.12,signal=dip_5,,0.0
2024-09-11,BUY,AMZN,21,184.7045,3878.79,signal=trend_20,,0.0
2024-09-18,SELL,PANW,21,164.7101,3458.91,rebalance,-179.3,
2024-09-18,BUY,AAPL,17,219.267,3727.54,signal=dip_5,,0.0
2024-09-25,SELL,GS,8,473.8722,3790.98,rebalance,146.86,
2024-09-25,SELL,AAPL,17,224.461,3815.84,rebalance,88.3,
2024-09-25,BUY,PANW,22,170.4253,3749.36,signal=dip_5,,0.0
2024-09-25,BUY,META,6,566.1483,3396.89,signal=trend_20,,0.0
2024-10-02,SELL,AMZN,21,184.5752,3876.08,rebalance,-2.72,
2024-10-02,BUY,GS,8,475.6427,3805.14,signal=dip_5,,0.0
2024-10-09,SELL,TSLA,17,240.809,4093.75,rebalance,533.63,
2024-10-09,SELL,GS,8,487.4186,3899.35,rebalance,94.21,
2024-10-09,BUY,CRWD,13,298.6383,3882.3,signal=mom20_pos,,0.0
2024-10-09,BUY,AAPL,17,228.0599,3877.02,signal=dip_5,,0.0
2024-10-16,SELL,PANW,22,186.4284,4101.42,rebalance,352.07,
2024-10-16,SELL,AAPL,17,229.8254,3907.03,rebalance,30.01,
2024-10-16,BUY,AVGO,22,174.5768,3840.69,signal=trend_20,,0.0
2024-10-16,BUY,NFLX,54,70.2702,3794.59,signal=trend_20,,0.0
2024-10-23,SELL,META,6,560.4239,3362.54,rebalance,-34.35,
2024-10-23,SELL,AVGO,22,170.9665,3761.26,rebalance,-79.43,
2024-10-23,BUY,TSM,20,196.7433,3934.87,signal=trend_50,,0.0
2024-10-23,BUY,GS,7,500.015,3500.11,signal=dip_5,,0.0
2024-10-30,SELL,ORCL,27,171.6134,4633.56,rebalance,958.62,
2024-10-30,SELL,TSM,20,190.1135,3802.27,rebalance,-132.6,
2024-10-30,SELL,GS,7,505.9629,3541.74,rebalance,41.64,
2024-10-30,BUY,COIN,17,211.9517,3603.18,signal=mom20_pos,,0.0
2024-10-30,BUY,PANW,21,179.9348,3778.63,signal=dip_5,,0.0
2024-10-30,BUY,AMZN,20,192.9227,3858.45,signal=dip_5,,0.0
2024-11-01,SELL,COIN,17,182.6971,3105.85,stop_loss,-497.33,
2024-11-06,SELL,CRWD,13,319.68,4155.84,rebalance,273.54,
2024-11-06,SELL,NFLX,54,77.943,4208.92,rebalance,414.33,
2024-11-06,SELL,PANW,21,192.3974,4040.35,rebalance,261.71,
2024-11-06,SELL,AMZN,20,206.8829,4137.66,rebalance,279.2,
2024-11-06,BUY,COIN,19,254.5643,4836.72,signal=mom20_pos,,0.0
2024-11-06,BUY,TSLA,15,288.8185,4332.28,signal=dip_5,,0.0
2024-11-06,BUY,ORCL,22,178.5374,3927.82,signal=near_52w_high,,0.0
2024-11-06,BUY,GS,7,576.1773,4033.24,signal=trend_50,,0.0
2024-11-06,BUY,NVDA,27,145.5282,3929.26,signal=dip_5,,0.0
2024-11-13,SELL,TSLA,15,329.9098,4948.65,rebalance,616.37,
2024-11-13,SELL,NVDA,27,145.8957,3939.18,rebalance,9.92,
2024-11-13,BUY,CRWD,11,348.2279,3830.51,signal=mom20_pos,,0.0
2024-11-13,BUY,NFLX,48,83.13,3990.24,signal=mom20_pos,,0.0
2024-11-20,SELL,GS,7,561.4702,3930.29,rebalance,-102.95,
2024-11-20,BUY,TSLA,11,342.372,3766.09,signal=dip_5,,0.0
2024-12-12,SELL,COIN,19,312.647,5940.29,rebalance,1103.57,
2024-12-12,SELL,ORCL,22,172.3606,3791.93,rebalance,-135.89,
2024-12-12,BUY,GS,6,574.7861,3448.72,signal=near_52w_high,,0.0
2024-12-12,BUY,AMZN,17,229.199,3896.38,signal=trend_50,,0.0
2024-12-19,SELL,GS,6,537.1605,3222.96,rebalance,-225.75,
2024-12-19,BUY,AVGO,18,215.5503,3879.91,signal=trend_20,,0.0
2024-12-27,SELL,AMZN,17,223.5263,3799.95,rebalance,-96.44,
2024-12-27,BUY,MU,44,88.277,3884.19,signal=dip_5,,0.0
2025-01-06,SELL,NFLX,48,88.0908,4228.36,rebalance,238.12,
2025-01-06,SELL,TSLA,11,410.6389,4517.03,rebalance,750.94,
2025-01-06,BUY,TSM,19,216.1852,4107.52,signal=dip_5,,0.0
2025-01-06,BUY,AMZN,17,227.8376,3873.24,signal=trend_50,,0.0
2025-01-14,SELL,TSM,19,197.5523,3753.49,stop_loss,-354.03,
2025-01-14,SELL,CRWD,11,347.692,3824.61,rebalance,-5.89,
2025-01-14,SELL,AVGO,18,221.9993,3995.99,rebalance,116.08,
2025-01-14,SELL,MU,44,96.9042,4263.78,rebalance,379.6,
2025-01-14,SELL,AMZN,17,217.5422,3698.22,rebalance,-175.02,
2025-01-14,BUY,NVDA,29,131.6951,3819.16,signal=dip_5,,0.0
2025-01-14,BUY,GOOGL,20,188.8632,3777.26,signal=trend_50,,0.0
2025-01-14,BUY,AMD,33,116.2061,3834.8,signal=dip_5,,0.0
2025-01-22,SELL,NVDA,29,146.7038,4254.41,rebalance,435.25,
2025-01-22,SELL,AMD,33,123.6262,4079.66,rebalance,244.86,
2025-01-22,BUY,AMZN,17,235.245,3999.16,signal=trend_50,,0.0
2025-01-22,BUY,AVGO,16,238.491,3815.86,signal=trend_50,,0.0
2025-01-22,BUY,JPM,15,256.5037,3847.56,signal=mom20_pos,,0.0
2025-01-22,BUY,META,6,621.6294,3729.78,signal=dip_5,,0.0
2025-01-28,SELL,AVGO,16,204.8678,3277.88,stop_loss,-537.97,
2025-01-29,SELL,GOOGL,20,194.2002,3884.0,rebalance,106.74,
2025-01-29,SELL,JPM,15,259.6337,3894.51,rebalance,46.95,
2025-01-29,SELL,META,6,673.1128,4038.68,rebalance,308.9,
2025-01-29,BUY,COIN,14,291.291,4078.07,signal=dip_5,,0.0
2025-01-29,BUY,MU,45,88.7707,3994.68,signal=dip_5,,0.0
2025-01-29,BUY,TSM,20,198.8125,3976.25,signal=dip_5,,0.0
2025-01-29,BUY,AMD,34,117.4673,3993.89,signal=dip_5,,0.0
2025-02-05,SELL,COIN,14,274.8649,3848.11,rebalance,-229.97,
2025-02-05,SELL,TSM,20,204.5346,4090.69,rebalance,114.44,
2025-02-05,SELL,AMD,34,111.898,3804.53,rebalance,-189.36,
2025-02-05,BUY,CRWD,9,417.6372,3758.73,signal=trend_50,,0.0
2025-02-05,BUY,NVDA,33,124.7685,4117.36,signal=dip_5,,0.0
2025-02-05,BUY,GS,6,627.095,3762.57,signal=dip_5,,0.0
2025-02-12,SELL,AMZN,17,228.7011,3887.92,rebalance,-111.25,
2025-02-12,SELL,MU,45,91.2508,4106.29,rebalance,111.6,
2025-02-12,SELL,NVDA,33,130.8135,4316.85,rebalance,199.49,
2025-02-12,SELL,GS,6,629.2842,3775.71,rebalance,13.14,
2025-02-12,BUY,AVGO,17,233.9768,3977.61,signal=trend_50,,0.0
2025-02-12,BUY,COST,3,1058.8373,3176.51,signal=trend_20,,0.0
2025-02-12,BUY,NFLX,39,102.8337,4010.51,signal=trend_20,,0.0
2025-02-12,BUY,JPM,14,268.8097,3763.34,signal=mom20_pos,,0.0
2025-02-20,SELL,JPM,14,259.848,3637.87,rebalance,-125.46,
2025-02-20,BUY,TSM,20,196.6213,3932.43,signal=dip_5,,0.0
2025-02-24,SELL,AVGO,17,205.4309,3492.33,stop_loss,-485.28,
2025-02-26,SELL,CRWD,9,394.1654,3547.49,stop_loss,-211.25,
2025-02-27,SELL,COST,3,1013.6542,3040.96,rebalance,-135.55,
2025-02-27,SELL,NFLX,39,96.2107,3752.22,rebalance,-258.3,
2025-02-27,BUY,MU,40,91.5731,3662.92,signal=dip_5,,0.0
2025-02-27,BUY,ASML,5,690.8278,3454.14,signal=dip_5,,0.0
2025-02-27,BUY,CRWD,9,380.6202,3425.58,signal=dip_5,,0.0
2025-02-27,BUY,GS,6,590.71,3544.26,signal=dip_5,,0.0
2025-02-28,SELL,TSM,20,177.0371,3540.74,stop_loss,-391.68,
2025-03-06,SELL,CRWD,9,347.3823,3126.44,rebalance,-299.14,
2025-03-06,BUY,TSM,21,172.7929,3628.65,signal=dip_5,,0.0
2025-03-06,BUY,AMD,38,98.9488,3760.05,signal=dip_5,,0.0
2025-03-10,SELL,GS,6,518.0651,3108.39,stop_loss,-435.87,
2025-03-13,BUY,NVDA,33,115.5337,3812.61,signal=dip_5,,0.0
2025-03-20,SELL,MU,40,102.5178,4100.71,rebalance,437.79,
2025-03-20,SELL,ASML,5,725.3775,3626.89,rebalance,172.75,
2025-03-20,SELL,TSM,21,174.7144,3669.0,rebalance,40.35,
2025-03-20,SELL,AMD,38,107.0329,4067.25,rebalance,307.2,
2025-03-20,SELL,NVDA,33,118.2457,3902.11,rebalance,89.5,
2025-03-20,BUY,GOOGL,24,162.3028,3895.27,signal=dip_5,,0.0
2025-03-27,SELL,GOOGL,24,161.4213,3874.11,rebalance,-21.16,
2025-03-27,BUY,ASML,5,683.8275,3419.14,signal=dip_5,,0.0
2025-03-27,BUY,MU,42,90.9149,3818.43,signal=dip_5,,0.0
2025-03-27,BUY,META,6,601.3067,3607.84,signal=trend_20,,0.0
2025-03-27,BUY,NFLX,40,97.7697,3910.79,signal=trend_20,,0.0
2025-04-03,SELL,META,6,529.4366,3176.62,rebalance,-431.22,
2025-04-03,SELL,NFLX,40,91.6133,3664.53,rebalance,-246.26,
2025-04-03,BUY,COST,4,961.3757,3845.5,signal=trend_20,,0.0
2025-04-04,SELL,ASML,5,598.3875,2991.94,stop_loss,-427.2,
2025-04-04,SELL,MU,42,64.5009,2709.04,stop_loss,-1109.39,
2025-04-10,SELL,COST,4,956.7068,3826.83,rebalance,-18.68,
2025-04-10,BUY,CRWD,10,368.9786,3689.79,signal=dip_5,,0.0
2025-04-10,BUY,ASML,5,643.152,3215.76,signal=dip_5,,0.0
2025-04-10,BUY,MSFT,9,378.0125,3402.11,signal=dip_5,,0.0
2025-04-17,SELL,ASML,5,632.5881,3162.94,rebalance,-52.82,
2025-04-17,SELL,MSFT,9,363.8328,3274.5,rebalance,-127.62,
2025-04-17,BUY,NFLX,40,97.4003,3896.01,signal=mom20_pos,,0.0
2025-04-17,BUY,COST,4,988.634,3954.54,signal=trend_20,,0.0
2025-04-17,BUY,TSLA,15,241.6114,3624.17,signal=mom20_pos,,0.0
2025-04-25,SELL,TSLA,15,284.6651,4269.98,rebalance,645.81,
2025-04-25,BUY,MSFT,10,388.4205,3884.2,signal=dip_5,,0.0
2025-04-25,BUY,ASML,5,670.599,3353.0,signal=dip_5,,0.0
2025-05-02,SELL,CRWD,10,440.1394,4401.39,rebalance,711.61,
2025-05-02,SELL,ASML,5,684.2773,3421.39,rebalance,68.39,
2025-05-02,BUY,ORCL,27,149.382,4033.31,signal=trend_20,,0.0
2025-05-02,BUY,META,6,595.7584,3574.55,signal=trend_20,,0.0
2025-05-09,SELL,COST,4,1001.4446,4005.78,rebalance,51.24,
2025-05-09,SELL,ORCL,27,148.6978,4014.84,rebalance,-18.47,
2025-05-09,SELL,META,6,590.0568,3540.34,rebalance,-34.21,
2025-05-09,BUY,CRWD,9,410.9806,3698.83,signal=dip_5,,0.0
2025-05-09,BUY,TSLA,13,298.5583,3881.26,signal=mom20_pos,,0.0
2025-05-09,BUY,ASML,5,701.4196,3507.1,signal=trend_20,,0.0
2025-05-16,SELL,MSFT,10,450.2195,4502.19,rebalance,617.99,
2025-05-16,SELL,CRWD,9,438.8207,3949.39,rebalance,250.56,
2025-05-16,SELL,ASML,5,741.5408,3707.7,rebalance,200.61,
2025-05-16,BUY,COIN,16,266.7265,4267.62,signal=trend_50,,0.0
2025-05-16,BUY,AMD,34,117.2872,3987.76,signal=trend_20,,0.0
2025-05-16,BUY,NVDA,29,135.3457,3925.03,signal=mom20_pos,,0.0
2025-05-23,SELL,AMD,34,110.1997,3746.79,rebalance,-240.97,
2025-05-23,SELL,NVDA,29,130.9752,3798.28,rebalance,-126.74,
2025-05-23,BUY,CRWD,8,456.0456,3648.36,signal=dip_5,,0.0
2025-05-23,BUY,MSFT,8,447.0593,3576.47,signal=mom20_pos,,0.0
2025-06-02,SELL,COIN,16,246.4733,3943.57,stop_loss,-324.05,
2025-06-02,SELL,TSLA,13,342.3473,4450.51,rebalance,569.26,
2025-06-02,SELL,MSFT,8,457.8509,3662.81,rebalance,86.33,
2025-06-02,BUY,AVGO,16,246.9577,3951.32,signal=trend_20,,0.0
2025-06-02,BUY,NVDA,29,137.3249,3982.42,signal=mom20_pos,,0.0
2025-06-02,BUY,MU,42,98.0435,4117.83,signal=mom20_pos,,0.0
2025-06-09,SELL,CRWD,8,463.9256,3711.4,rebalance,63.04,
2025-06-09,SELL,NVDA,29,142.288,4126.35,rebalance,143.93,
2025-06-09,BUY,TSLA,13,308.8886,4015.55,signal=dip_5,,0.0
2025-06-09,BUY,ORCL,23,175.5657,4038.01,signal=trend_20,,0.0
2025-06-16,SELL,TSLA,13,328.8009,4274.41,rebalance,258.86,
2025-06-16,BUY,AMD,34,126.5164,4301.56,signal=trend_20,,0.0
2025-06-24,SELL,AMD,34,138.2916,4701.91,rebalance,400.36,
2025-06-24,BUY,COIN,13,345.1648,4487.14,signal=trend_50,,0.0
2025-07-01,SELL,AVGO,16,262.967,4207.47,rebalance,256.15,
2025-07-01,BUY,AMD,28,136.2461,3814.89,signal=trend_20,,0.0
2025-07-09,SELL,MU,42,121.9408,5121.51,rebalance,1003.69,
2025-07-09,SELL,AMD,28,138.2716,3871.6,rebalance,56.71,
2025-07-09,BUY,CRWD,8,514.0235,4112.19,signal=mom20_pos,,0.0
2025-07-09,BUY,TSLA,13,296.1759,3850.29,signal=dip_5,,0.0
2025-07-16,SELL,CRWD,8,469.9796,3759.84,stop_loss,-352.35,
2025-07-16,SELL,NFLX,40,124.906,4996.24,rebalance,1100.23,
2025-07-16,SELL,TSLA,13,321.3483,4177.53,rebalance,327.24,
2025-07-16,BUY,AMD,26,160.2401,4166.24,signal=trend_20,,0.0
2025-07-16,BUY,NVDA,24,171.3132,4111.52,signal=mom20_pos,,0.0
2025-07-16,BUY,AVGO,14,279.4878,3912.83,signal=mom20_pos,,0.0
2025-08-04,SELL,COIN,13,317.8518,4132.07,stop_loss,-355.07,
2025-08-06,BUY,TSM,17,229.068,3894.16,signal=trend_20,,0.0
2025-08-13,SELL,TSM,17,238.5602,4055.52,rebalance,161.37,
2025-08-13,BUY,MU,32,124.214,3974.85,signal=trend_20,,0.0
2025-08-20,SELL,MU,32,116.9231,3741.54,rebalance,-233.31,
2025-08-20,BUY,TSM,17,226.3256,3847.54,signal=mom20_pos,,0.0
2025-08-27,SELL,ORCL,23,233.7298,5375.79,rebalance,1337.77,
2025-08-27,SELL,TSM,17,236.4359,4019.41,rebalance,171.88,
2025-08-27,BUY,GS,5,735.6113,3678.06,signal=mom20_pos,,0.0
2025-08-27,BUY,META,5,746.3745,3731.87,signal=trend_50,,0.0
2025-09-04,SELL,AMD,26,161.6282,4202.33,rebalance,36.09,
2025-09-04,SELL,NVDA,24,171.2602,4110.24,rebalance,-1.27,
2025-09-04,SELL,META,5,746.149,3730.74,rebalance,-1.13,
2025-09-04,BUY,GOOGL,17,231.8708,3941.8,signal=trend_50,,0.0
2025-09-04,BUY,TSLA,12,338.8685,4066.42,signal=dip_5,,0.0
2025-09-04,BUY,ASML,5,750.2174,3751.09,signal=dip_5,,0.0
2025-09-11,SELL,TSLA,12,368.4412,4421.29,rebalance,354.87,
2025-09-11,SELL,ASML,5,799.1313,3995.66,rebalance,244.57,
2025-09-11,BUY,ORCL,12,305.7551,3669.06,signal=trend_20,,0.0
2025-09-11,BUY,COIN,13,324.274,4215.56,signal=trend_20,,0.0
2025-09-25,SELL,COIN,13,306.3833,3982.98,rebalance,-232.58,
2025-09-25,BUY,TSLA,9,423.8134,3814.32,signal=mom20_pos,,0.0
2025-09-29,SELL,ORCL,12,280.2656,3363.19,stop_loss,-305.87,
2025-10-02,SELL,GS,5,767.322,3836.61,rebalance,158.55,
2025-10-02,BUY,MU,22,183.6672,4040.68,signal=mom20_pos,,0.0
2025-10-02,BUY,ORCL,14,286.8055,4015.28,signal=dip_5,,0.0
2025-10-09,SELL,GOOGL,17,240.8173,4093.89,rebalance,152.09,
2025-10-09,SELL,ORCL,14,294.8511,4127.92,rebalance,112.64,
2025-10-09,BUY,AMD,17,233.1229,3963.09,signal=trend_20,,0.0
2025-10-09,BUY,TSM,13,297.833,3871.83,signal=mom20_pos,,0.0
2025-10-13,SELL,AMD,17,216.2036,3675.46,stop_loss,-287.63,
2025-10-16,SELL,AVGO,14,352.381,4933.33,rebalance,1020.5,
2025-10-16,SELL,TSLA,9,428.3213,3854.89,rebalance,40.57,
2025-10-16,SELL,TSM,13,297.1983,3863.58,rebalance,-8.25,
2025-10-16,BUY,AMD,17,234.7946,3991.51,signal=trend_20,,0.0
2025-10-16,BUY,GOOGL,16,251.2199,4019.52,signal=trend_50,,0.0
2025-10-16,BUY,ASML,4,1015.2425,4060.97,signal=mom20_pos,,0.0
2025-10-16,BUY,ORCL,13,311.3994,4048.19,signal=trend_20,,0.0
2025-10-21,SELL,ORCL,13,273.196,3551.55,stop_loss,-496.64,
2025-10-23,BUY,TSLA,9,449.429,4044.86,signal=trend_50,,0.0
2025-11-13,SELL,TSLA,9,401.588,3614.29,rebalance,-430.57,
2025-11-13,BUY,BAC,78,52.0827,4062.45,signal=trend_20,,0.0
2025-11-20,SELL,AMD,17,205.814,3498.84,rebalance,-492.67,
2025-11-20,SELL,ASML,4,976.6348,3906.54,rebalance,-154.43,
2025-11-20,SELL,BAC,78,50.1402,3910.94,rebalance,-151.52,
2025-11-20,BUY,AAPL,15,266.022,3990.33,signal=trend_50,,0.0
2025-11-20,BUY,GS,5,763.2548,3816.27,signal=dip_5,,0.0
2025-11-20,BUY,NVDA,22,180.5903,3972.99,signal=dip_5,,0.0
2025-11-28,SELL,GS,5,813.2601,4066.3,rebalance,250.03,
2025-11-28,SELL,NVDA,22,176.5978,3885.15,rebalance,-87.84,
2025-11-28,BUY,AVGO,10,401.7499,4017.5,signal=mom20_pos,,0.0
2025-11-28,BUY,NFLX,39,107.6876,4199.82,signal=dip_5,,0.0
2025-12-05,SELL,AAPL,15,277.9847,4169.77,rebalance,179.44,
2025-12-05,SELL,AVGO,10,388.2907,3882.91,rebalance,-134.59,
2025-12-05,SELL,NFLX,39,100.1398,3905.45,rebalance,-294.36,
2025-12-05,BUY,ASML,3,1096.7243,3290.17,signal=trend_20,,0.0
2025-12-05,BUY,TSLA,9,455.455,4099.1,signal=trend_20,,0.0
2025-12-05,BUY,CRWD,8,512.5421,4100.34,signal=trend_20,,0.0
2025-12-12,SELL,CRWD,8,504.2752,4034.2,rebalance,-66.14,
2025-12-12,BUY,AAPL,15,278.0417,4170.63,signal=trend_50,,0.0
2025-12-18,SELL,ASML,3,1031.6566,3094.97,stop_loss,-195.2,
2025-12-19,BUY,AVGO,12,339.3379,4072.05,signal=dip_5,,0.0
2025-12-29,SELL,AAPL,15,272.9791,4094.69,rebalance,-75.94,
2025-12-29,SELL,AVGO,12,348.31,4179.72,rebalance,107.67,
2025-12-29,BUY,AMD,19,215.8256,4100.69,signal=trend_20,,0.0
2025-12-29,BUY,GS,4,884.4986,3537.99,signal=mom20_pos,,0.0
2026-01-06,SELL,TSLA,9,432.527,3892.74,rebalance,-206.35,
2026-01-06,BUY,AVGO,12,343.3934,4120.72,signal=dip_5,,0.0
2026-01-13,SELL,AMD,19,220.749,4194.23,rebalance,93.54,
2026-01-13,SELL,GS,4,928.2146,3712.86,rebalance,174.86,
2026-01-13,BUY,ASML,3,1266.988,3800.96,signal=trend_50,,0.0
2026-01-13,BUY,TSM,12,329.8372,3958.05,signal=trend_20,,0.0
2026-01-21,SELL,AVGO,12,327.7836,3933.4,rebalance,-187.32,
2026-01-21,SELL,TSM,12,324.1194,3889.43,rebalance,-68.61,
2026-01-21,BUY,JPM,14,300.8026,4211.24,signal=dip_5,,0.0
2026-01-21,BUY,COST,4,981.077,3924.31,signal=trend_20,,0.0
2026-01-28,SELL,JPM,14,298.9393,4185.15,rebalance,-26.09,
2026-01-28,SELL,COST,4,957.121,3828.48,rebalance,-95.82,
2026-01-28,BUY,GS,4,928.7444,3714.98,signal=dip_5,,0.0
2026-01-28,BUY,AVGO,12,332.875,3994.5,signal=dip_5,,0.0
2026-02-04,SELL,GS,4,903.6277,3614.51,rebalance,-100.47,
2026-02-04,SELL,AVGO,12,307.0977,3685.17,rebalance,-309.33,
2026-02-04,BUY,COST,4,977.9094,3911.64,signal=dip_5,,0.0
2026-02-04,BUY,TSM,12,324.3899,3892.68,signal=trend_20,,0.0
2026-02-11,SELL,GOOGL,16,310.2452,4963.92,rebalance,944.4,
2026-02-11,BUY,GS,4,936.4574,3745.83,signal=dip_5,,0.0
2026-02-19,SELL,COST,4,985.4023,3941.61,rebalance,29.97,
2026-02-19,BUY,AVGO,12,333.6241,4003.49,signal=dip_5,,0.0
2026-03-02,SELL,GS,4,857.0611,3428.24,stop_loss,-317.59,
2026-03-05,SELL,TSM,12,351.6892,4220.27,rebalance,327.59,
2026-03-05,BUY,NVDA,23,183.2998,4215.9,signal=dip_5,,0.0
2026-03-05,BUY,NFLX,43,99.2692,4268.58,signal=trend_20,,0.0
2026-03-12,SELL,AVGO,12,334.9315,4019.18,rebalance,15.69,
2026-03-12,SELL,NVDA,23,182.7439,4203.11,rebalance,-12.79,
2026-03-12,BUY,COST,4,1002.8681,4011.47,signal=trend_20,,0.0
2026-03-12,BUY,CRWD,9,441.9815,3977.83,signal=mom20_pos,,0.0
2026-03-19,SELL,NFLX,43,91.6483,3940.88,rebalance,-327.7,
2026-03-19,SELL,CRWD,9,427.7518,3849.77,rebalance,-128.07,
2026-03-19,BUY,NVDA,23,178.5305,4106.2,signal=dip_5,,0.0
2026-03-19,BUY,AVGO,13,319.4896,4153.36,signal=dip_5,,0.0
2026-03-26,SELL,MU,22,354.9554,7809.02,rebalance,3768.34,
2026-03-26,SELL,ASML,3,1325.2758,3975.83,rebalance,174.86,
2026-03-31,SELL,NVDA,23,174.0228,4002.52,stop_loss,-103.68,
2026-03-31,SELL,AVGO,13,309.2005,4019.61,stop_loss,-133.76,
2026-04-02,BUY,AVGO,13,314.8645,4093.24,signal=dip_5,,0.0
2026-04-02,BUY,NVDA,23,177.3607,4079.3,signal=dip_5,,0.0
2026-04-02,BUY,NFLX,43,98.7587,4246.62,signal=trend_20,,0.0
2026-04-02,BUY,AMD,19,217.7175,4136.63,signal=dip_5,,0.0
2026-04-10,SELL,AVGO,13,371.1784,4825.32,rebalance,732.08,
2026-04-10,SELL,NVDA,23,188.222,4329.11,rebalance,249.81,
2026-04-10,SELL,AMD,19,244.795,4651.1,rebalance,514.47,
2026-04-10,BUY,ASML,2,1476.5333,2953.07,signal=mom20_pos,,0.0
2026-04-10,BUY,MU,10,421.0106,4210.11,signal=mom20_pos,,0.0
2026-04-10,BUY,TSM,11,370.1039,4071.14,signal=trend_20,,0.0
2026-04-17,SELL,MU,10,454.6149,4546.15,rebalance,336.04,
2026-04-17,BUY,AMD,15,278.6684,4180.03,signal=mom20_pos,,0.0
2026-04-24,SELL,COST,4,1008.6753,4034.7,rebalance,23.23,
2026-04-24,SELL,NFLX,43,92.3476,3970.95,rebalance,-275.68,
2026-04-24,BUY,MU,8,497.2167,3977.73,signal=mom20_pos,,0.0
2026-04-24,BUY,AVGO,10,423.1828,4231.83,signal=trend_50,,0.0
2026-05-01,SELL,ASML,2,1425.593,2851.19,rebalance,-101.88,
2026-05-01,BUY,GOOGL,11,385.8452,4244.3,signal=trend_20,,0.0
2026-05-08,SELL,TSM,11,410.3074,4513.38,rebalance,442.24,
2026-05-08,SELL,AVGO,10,429.57,4295.7,rebalance,63.87,
2026-05-08,SELL,GOOGL,11,400.1602,4401.76,rebalance,157.46,
2026-05-08,BUY,ASML,2,1593.612,3187.22,signal=mom20_pos,,0.0
2026-05-08,BUY,NVDA,20,215.1644,4303.29,signal=dip_5,,0.0
2026-05-08,BUY,PANW,22,208.0879,4577.93,signal=trend_50,,0.0
2026-05-15,SELL,ASML,2,1500.3082,3000.62,rebalance,-186.61,
2026-05-15,SELL,NVDA,20,224.8327,4496.65,rebalance,193.37,
2026-05-15,BUY,GOOGL,11,396.9397,4366.34,signal=trend_20,,0.0
2026-05-15,BUY,CRWD,7,594.6741,4162.72,signal=trend_20,,0.0
2026-05-22,SELL,GOOGL,11,382.3587,4205.95,rebalance,-160.39,
2026-05-22,BUY,COIN,23,185.175,4259.03,signal=dip_5,,0.0
2026-06-01,SELL,COIN,23,182.4274,4195.83,rebalance,-63.19,
2026-06-01,BUY,ORCL,20,248.3981,4967.96,signal=trend_50,,0.0
2026-06-08,SELL,ORCL,20,211.6082,4232.16,stop_loss,-735.8,
